{
  "v1": {
    "accuracy": 0.2813186813186813,
    "within_1": 0.8197802197802198,
    "rmse": 1.1906227016071957,
    "star_detection": 0.0,
    "bust_detection": 0.8557213930348259,
    "n_tested": 455
  },
  "v2": {
    "accuracy": 0.2813186813186813,
    "within_1": 0.8175824175824176,
    "rmse": 1.1887753417642937,
    "star_detection": 0.0392156862745098,
    "bust_detection": 0.845771144278607,
    "n_tested": 455
  },
  "v3": {
    "accuracy": 0.2967032967032967,
    "within_1": 0.8241758241758241,
    "rmse": 1.1757625535870677,
    "star_detection": 0.0392156862745098,
    "bust_detection": 0.845771144278607,
    "n_tested": 455
  }
}