{
  "v1": {
    "accuracy": 0.2857142857142857,
    "within_1": 0.8153846153846154,
    "rmse": 1.1943088488216214,
    "star_detection": 0.0,
    "bust_detection": 0.8407960199004975,
    "n_tested": 455
  },
  "v2": {
    "accuracy": 0.27692307692307694,
    "within_1": 0.8131868131868132,
    "rmse": 1.1961476626107794,
    "star_detection": 0.0392156862745098,
    "bust_detection": 0.8407960199004975,
    "n_tested": 455
  },
  "v3": {
    "accuracy": 0.2879120879120879,
    "within_1": 0.8285714285714286,
    "rmse": 1.1738918084823566,
    "star_detection": 0.058823529411764705,
    "bust_detection": 0.8606965174129353,
    "n_tested": 455
  }
}