{
  "v1": {
    "accuracy": 0.37627811860940696,
    "within_1": 0.8629856850715747,
    "rmse": 1.0824874784976934,
    "star_detection": 0.02,
    "bust_detection": 0.8418079096045198,
    "n_tested": 489
  },
  "v2": {
    "accuracy": 0.3537832310838446,
    "within_1": 0.8609406952965235,
    "rmse": 1.104924837129441,
    "star_detection": 0.1,
    "bust_detection": 0.8531073446327684,
    "n_tested": 489
  },
  "v3": {
    "accuracy": 0.3169734151329243,
    "within_1": 0.8813905930470347,
    "rmse": 1.0909555669594224,
    "star_detection": 0.06,
    "bust_detection": 0.8870056497175142,
    "n_tested": 489
  }
}