{
  "v1": {
    "accuracy": 0.29817444219066935,
    "within_1": 0.8194726166328601,
    "rmse": 1.174440439029407,
    "star_detection": 0.0,
    "bust_detection": 0.8755555555555555,
    "n_tested": 493
  },
  "v2": {
    "accuracy": 0.29411764705882354,
    "within_1": 0.8093306288032455,
    "rmse": 1.2084892417661413,
    "star_detection": 0.015151515151515152,
    "bust_detection": 0.84,
    "n_tested": 493
  },
  "v3": {
    "accuracy": 0.3204868154158215,
    "within_1": 0.8194726166328601,
    "rmse": 1.1735765621644219,
    "star_detection": 0.030303030303030304,
    "bust_detection": 0.8488888888888889,
    "n_tested": 493
  }
}