{
  "rf_importance": {
    "ppg": 0.154881,
    "rpg": 0.06567,
    "apg": 0.037839,
    "spg": 0.075119,
    "bpg": 0.038794,
    "fg": 0.070495,
    "threeP": 0.045815,
    "ft": 0.106265,
    "tpg": 0.090197,
    "mpg": 0.086256,
    "bpm": 0.194147,
    "h": 0.034522,
    "w": 0.0
  },
  "gb_importance": {
    "ppg": 0.097514,
    "rpg": 0.069204,
    "apg": 0.055133,
    "spg": 0.054609,
    "bpg": 0.05271,
    "fg": 0.074147,
    "threeP": 0.060158,
    "ft": 0.100037,
    "tpg": 0.096828,
    "mpg": 0.122519,
    "bpm": 0.195796,
    "h": 0.021344,
    "w": 0.0
  },
  "avg_importance": {
    "ppg": 0.126198,
    "rpg": 0.067437,
    "apg": 0.046486,
    "spg": 0.064864,
    "bpg": 0.045752,
    "fg": 0.072321,
    "threeP": 0.052987,
    "ft": 0.103151,
    "tpg": 0.093513,
    "mpg": 0.104388,
    "bpm": 0.194972,
    "h": 0.027933,
    "w": 0.0
  },
  "suggested_weights": {
    "ppg": 2.12,
    "rpg": 1.36,
    "apg": 1.1,
    "spg": 1.33,
    "bpg": 1.09,
    "fg": 1.43,
    "threeP": 1.18,
    "ft": 1.82,
    "tpg": 1.7,
    "mpg": 1.84,
    "bpm": 3.0,
    "h": 0.86,
    "w": 0.5
  },
  "original_weights": {
    "ppg": 1.0,
    "rpg": 1.0,
    "apg": 1.0,
    "spg": 1.0,
    "bpg": 1.0,
    "fg": 0.8,
    "threeP": 2.0,
    "ft": 1.5,
    "ato": 1.5,
    "height": 1.5,
    "weight": 0.8,
    "ws": 1.5,
    "ath": 2.0,
    "age": 1.2,
    "mpg": 1.5
  }
}